code,park,inv00,inv01,inv02,inv03,inv04,inv05,inv06,inv07,inv08,inv09,inv10,inv11,inv12,inv13,inv14,inv15,inv16,inv17,inv18,inv19
DOM-6NO,,,,,,,,,,,,,,,,,,1890354,2471893.2,0,1250000
DOM-ALC,Los Alcarrizos,19853638.95,19521896.75,14683246,16110722.99,23755065.7,20419701.5,22705077.88,40192104.07,37723217.65,28511505.5,21776166.76,22307044.2,23142258.73,29017608.73,28846815.7,27461136.4,25518598.92,24789743,0,8580213.27
DOM-ALT,Villa Artagracia,33900000,3300000,4400000,23000000,23100000,18054631.52,6644269.47,11473401.61,13288869.47,10076670.56,7527225,5827436,5826800,3726034.41,5407289.4,5949306.9,11435533.57,9699706.8,0,48460668.06
DOM-AND,,,,,,,,,,,148803,150803,884314,746667,733390.96,789922,803290,935650,1607033,0,2450800
DOM-ARM,La Armer’a,8620740.19,5016030,10355021,7131271,8576310,9207504.27,11921351.15,16658481.31,16097596.35,7922821.33,8538776.22,7005128.7,7648324.93,2234206.89,2728910.8,5452953.6,7167910.28,6900999.8,0,2416091.75
DOM-AZU,,,900000,450000,40000,40000,,,,,,,,,,,,,,,
DOM-BAN,Ban’,15539933.25,12655436.88,9491743,8464186.23,11476981.97,11633110.54,11181251.34,10623336.78,30910851.47,28193395,10800470.35,11832510.3,10903773.99,4495089.35,4170565.5,5021427.1,7576911.08,9324411.9,0,5116960.72
DOM-BAR,Barahona,6064000,15789255,14750000,18400000,13000000,26000000,25800000,33000000,33000000,5000000,8000000,8000000,8000000,10125453.56,14978000,14978000,17700000,14978000,0,33167891.07
DOM-BAY,Bayaguana,566335,15000,90000,40000,285000,107941,105941,95000,,,,,,,,,,,,
DOM-BON,Bonao,7371588.75,6199952,8030856,6515255.25,9978904.25,12456822.73,16068093.86,7902683.75,5229793.4,3090140.81,2710115,2502840,2674382,3091531.17,3326537,3198062,3087012.18,3053763.1,0,1655964
DOM-CAD,,,,,,,,,,,,,,,,,,,411338.6,0,122704.59
DOM-CAN,,,,,75000,105300,80000,,,,,,,,,,,,,,
DOM-CDF,,,,,,,,,,,,,,,,9951283.2,12385321.3,13877081.07,14327027.9,0,18385681.08
DOM-CHE,Chemtec Enterprises,13904205.18,15028164.77,10843940,11701944,12451195,12578026,11544005.88,13078586.88,11670132.56,9529543.84,9674380.13,12627628.3,22727726.14,15744854.67,10086381.8,13252725.1,11888282,13073325.6,0,21526217.53
DOM-CIB,,,100000,370000,850000,200022,447688.04,687068,4812539.37,27578537.13,26346861.1,28720043.69,23317650.2,8287450.3,3113738.42,14723507.1,13991905,14983445.16,33214209.4,0,35323725.42
DOM-CIP,Caribbean Ind. Park,18051016,50560204.77,46506866.87,41356877,87086690.8,67237667.9,80945068.95,106653235.4,94008689.99,97436928.19,98848558.18,74088828.3,90022192.1,92176467.35,81632133.9,86613144.4,75017908.83,85202608.5,0,87093861.96
DOM-CON,,,,,,,,,,,,,,,17850000,18200000,17036793.9,14670572.54,15325256,0,13356974.51
DOM-COT,Cotuy,848212.12,647057,707666,674500,991500,1270000,350200,332690,350200,350200,,,,,,,,,,
DOM-CRI,Itabo,128412185.6,173673194,167406327,54751310,160500579.5,227382639.8,255296543.6,192590839.4,176024106.6,170061663.1,223399295.8,303716964.3,353293339.5,393731783.8,457875277.8,327128636.3,400875948.6,361501451.7,0,448782869.8
DOM-CTQ,,,,,,,,,,,,,,,,,7972912.2,4417394.92,4948805,0,4419487.43
DOM-DOS,,,,,,,,70000000,70000000,110000000,110000000,110000000,65161871.9,96729338.25,208986256,208986256,208986256,211987405,169429373,0,171442666
DOM-DPE,,,,,,300000,440900,425000,205000,,,,,,,,,,,,
DOM-ECO,,,,,,,,,,,,,,,,,,,,,21896171.02
DOM-ELV,,,,,,,,,,,,,,,,,,,10000,0,229900.17
DOM-EMI,,,,,,,,,,,,,,,,4030000,4030000,7121521.1,7100000,0,6525063.88
DOM-ESP,Esperanza,25175096,18349267,12978335.35,12821702.37,16494059.37,16458862.26,15128216.15,26105748.75,28691078,25574506,28160673,22456491.7,21562882,13765140,22563480,21882449,19795843.72,16926403.1,0,32673410.71
DOM-EXC,Excel Boca Chica,1505224,1850848,2366666,2429044,3270065.43,2866943.55,1955626.55,2329221.93,3069408,3108964,3323751.86,5980000,8000000,6732500,7930600,8330000,8330000,9000000,0,9600000
DOM-FLO,,,,,,,,,,,,,,,,,,,,,12057937.2
DOM-FRA,San Fco. de Macor’s,5331860,5737738,5276529,5152726.27,5617302.37,2347939.3,1990981.67,645107.69,596096.89,999000,131939.96,1053438.3,588095,572061.16,344510.7,291266.4,3353902.07,3359934.1,0,3364364.76
DOM-GLO,Global,9719625.77,10459813.08,8388888,8888888,7733334,4600000,4900000,,,,,,187420,402925,440900,428211,728733,735289,0,682321
DOM-GUR,Gurabo,5390954,7524131,6173123.44,6210741,10256846.97,7955826.97,16641399.67,24958839.6,12312060.73,10867492.33,7227145.02,6222335,17197448.36,14981963.52,24826481,25429550.4,27261655.52,32908390,0,9078654.8
DOM-HAI,Hainamosa,10485771,9975665.39,6319385,22736105.85,7538698,5808123.7,6962329,9095812.52,11086818.52,12415013.52,12482560.08,11066456.6,9794817.22,14223911.22,14811170.4,21419086.9,22329475.47,25604251.8,0,43061493.13
DOM-HAN,,,5500000,5500000,2500000,2750000,1050000,1050000,1568802.79,16168567.63,14974244.52,16721603.52,18372661.8,18962933.17,20061888.25,19516688.6,31710575.8,25844201.88,41981506.5,0,41294194.45
DOM-HAT,Hato Mayor,2376975,2081975,1351975,1141975,1141975,1241975,1301975,600000,480000,,,350000,3501456,1141975,1201975,1401975,1237451,1237451,0,200000
DOM-HER,,,,,,,,,,,,,,,1553488.63,1467025,3385283.6,3480183.61,350407.5,0,2543804.72
DOM-HIG,Higuey,2970999,2833731,1254400,1220000,1220000,1220000,,,,,,,,,,,,,,
DOM-HIP,,,,,,,,,,,,,,,,,3009858.1,3009858.14,3533577.5,0,2550000
DOM-HIS,,,,,,,1599051.22,2000000,1200000,3679944.94,3679944.94,3500000,2968677,2828048.7,3545762.3,3605100,4065900,4930475,4969166.2,0,4960125
DOM-HIT,,,,,,,,,,,,,,,,,,,,1,6100000
DOM-IHA,P. Ind. Haina,2382400,,,,,,,,,,,,,,,,,,,
DOM-INE,,,,,,,,,,,,,,,,,,11243908.33,33402383.6,0,25702443.52
DOM-INF,,,,,,,,,,,,,,,,201930.5,201930.5,210000,200000,0,198750
DOM-INT,,,,,,,,,,,,45300000,46400000,46400000,15267843,5700000,5700000,7300000,7566384.8,0,16224923.92
DOM-ISI,San Isidro,66947689.9,80277740.85,80359019.37,88929794.99,119380624.7,146063919.8,144863643,149106646.7,133164130.9,127627579.5,138930602,160469275.9,173580748.7,193516526.9,267320687,209311735.1,185910845.6,202185055.7,0,261679250.1
DOM-JAI,Jaib—n,50000000,2907462,1000000,538782,538782,538782,2050000,1125000,,,,350000,350000,,,,,,,
DOM-JAN,Santiago - J‡nico,10200000,18605411,18042060,16141588.76,16141588.76,29218513.96,31297739,28167965.1,285600,4657734.25,11426448,5473432.9,15473775,17103479.83,17778662.4,19810494,22017101,20801502,0,
DOM-JOB,,,,,,,,,,,,,,,,,235000,6534700,7240708.9,0,7435708.89
DOM-KEP,,,,,,,5616428,5256428,,,,,,,,,,,,,
DOM-KGC,,,,,,,,,,,,,,,,2658123.3,2691026.9,1378419,1378419,0,1378419
DOM-LAG,Laguna Prieta,1375000,1500000,1290526,1290526,1000000,1000000,1000000,250000,,,,,,,,,,,,
DOM-LAS,Las AmŽricas,106989708,129646562,135824379.2,139389061.7,185309783.6,181067451.1,197337263,184298723.9,368203479.7,410015315.9,393617488.6,357020442.4,342177049.4,405978614.9,356027384.7,333853320.5,383936907.5,460575569.7,0,741390516.2
DOM-LEO,,,,,,,,,,,,,,,,,,,,1,6312378.13
DOM-LIM,,,,,,,3816492.03,4198206.6,4049887.1,2848669.88,3777074.21,5526995.41,5087227.7,5087227.7,5396532.18,7409162,3586845.4,5604124.68,4532656.9,0,12057849.96
DOM-LUN,,,365114,1000000,1064600,1361523.24,398333.33,375874,300000,,,,,,,,,,,,
DOM-MAC,San Pedro de Macor’s,83818075.57,77047150.49,69008769.12,83843844,100904818.5,106283114,104410800.5,117742843.3,98933247.8,110444428.2,105633982.4,117392030.2,133914998.3,125926492.5,148635877.4,288228578.3,306711790.8,191457870.4,0,181789419.4
DOM-MAI,,,,,,,,,,,,,,,,,390000,2149200,1854005.5,0,2763779.29
DOM-MEL,Villa Mella,33528000,32130784,9791777,13650000,14102621.34,8624705.4,12626748.12,3515124.09,8685092.14,11636577.68,9026248.52,10109835.7,7569908.06,15267810.99,15926641.2,16124936.1,16910749.48,13914713.4,0,20371964.3
DOM-MIN,Los Minas,2223428,2463428,2694942.2,2694942,549949,1300000,1310000,290000,310000,310000,,,,,,,,,,
DOM-MOC,Moca,20417613.51,22788310.31,23064181.66,19375638.58,21035018.44,15318517.88,18295503.41,11104546.94,12960052.24,12862324.05,21420726.14,19610193.8,9765436.56,9242927.02,12577321.8,11770957.9,17494945.85,15685783,0,41711918.98
DOM-MOI,,,1400000,727777,200000,1000000,600000,,,,,,,,,,,,,,
DOM-MUL,,,,1103830.66,1211975,98458000,8818000,10050000,10050000,15925000,15815800,16115800,20499000,20435709.36,20842858.13,20844020.9,10264020.9,10459806.19,11406052.5,0,25461108.92
DOM-MUT,,,,,,,,,17400000,17400000,17900000,17900000,18250000,18250000,18405634,18681840.1,18681840.1,18776756.54,19482572,0,44037319.06
DOM-NAV,Navarrete,2364156,5700000,5604925,6707000,5890000,3000000,3050000,3000000,3300000,4050000,3665907.2,3179000,1000000,2969340,2974785,2963405,9649330,11101805.8,0,48914163.35
DOM-NIG,Nigua,40102872.35,42304221,48719440,45382984,49377353.6,61298975.2,64785080.84,95595446.6,64419418.85,65395527.47,60612832.47,65181742.5,64887479.8,68094863.96,68666906.5,78101109.8,84454679.9,85117028.6,0,44602073.48
DOM-NII,,,,,,,,,,,,,,,,,,,,1,15000000
DOM-NOR,,,,,,,,,,,,,,,,,,451139.59,732947.5,0,5545357.95
DOM-PAB,Palmar Abajo,6899833,0,0,0,100000,100000,100000,75000,100000,N/D,0,ND,,0,ND,N/D,0,0,0,
DOM-PAL,,,,,,1000000,1214000,4164166,4556000,5836575,2483896.54,3424002,5359568,5833873.04,4224751.57,5393078.7,6212990.1,5417113.82,5267075.4,0,15134277.04
DOM-PAM,Palmarejo,23426111,21816691,25313062,5976065,30828690.65,90639471.75,45223430.67,57949101.84,66846200.86,75855965.24,80389236.4,79196505.2,39204030.99,34233001.47,38544393.1,48741389.4,49619554.78,48623409.3,0,86022347.81
DOM-PED,Pedernales,182000,182000,150000,266000,300000,300000,550000,600000,2050000,2050000,28000000,17000000,17000000,11500000,9000000,11829180.1,12000000,13750000,0,12000000
DOM-PER,,,,,,,,,,,,39308186.17,43123873,54986741.08,70975499.21,71677360.9,70122135.8,73831661.01,105462288.5,0,114371241.5
DOM-PEV,,,,,,15000000,,,,,,,,,,,,,,,
DOM-PIS,PISANO,24824949,29449717,31358261,34727911.99,51031152.32,51906663.2,291202879.9,292936282.9,46345306.82,34759834.05,39089445.76,38503009.9,44936043.66,55441461.3,61922862.3,84258181.2,103649145.3,104077258.9,0,105278147.3
DOM-PON,Pontezuela,2463125,1760987,1567020,1078360,1165689.57,1219390.29,847381.58,,,,,3000000,2352350,,,,,,,
DOM-PUE,Puerto Plata,7084891.3,7702847,7908010,6737670,7243739.7,5577664.02,3957960.35,3939774,3893221.55,4699014.8,2893421.81,4141555.4,6387900.94,8095878.26,8553756.2,12873522.6,13735084.78,12773110.8,0,9376993.83
DOM-QUI,,,172030,800000,800000,200000,,350000,500000,3350000,,,,,2119000,200000,225000,213750,2387506.6,0,2461179.34
DOM-RAF,,,,2000000,95000,90000,,,,,,,,,,,,,,,
DOM-RIE,,,,,,,,,,,,,,,5676067,5600000,13000000,12147579,13785219,0,17500000
DOM-RII,La Romana II,8380289,8748879,9024669.41,6396839.41,6113989.41,3964157,4690000,5483987.29,5014887.93,3984599.93,25974000,25939379.3,22007694.58,130033620.4,153641645.4,199692125.6,26320202.75,28177298.9,0,57458416.87
DOM-RIO,,,,,,,,,,,,,,,,,,,956631.6,0,29076505
DOM-ROB,,,,,,,,,,,,,,,16653346.41,5345716.1,5276188,,,,
DOM-ROM,La Romana I,45767112,45700466,30360202,2504.81,64475784.34,86871487.46,88924034.34,107540272.8,142417240.5,149027694.1,117961569.5,96090446.4,109348909.2,23976243.91,22350938.8,27487893.6,190093144.4,194745598.4,0,230324790.3
DOM-S12,Santiago I y II,225923451.6,204519706,224106287.1,249613960.8,299285306.2,364876269.1,388270658.3,236055928.7,310274473.9,300025234.2,278022900.5,282651061.6,300309573.2,309542374.3,327431525,394255108.6,481804920,477759947.3,0,552219929.2
DOM-SAG,,,,,,,,,,,,,,3200000,4000000,3875000,3675420.2,4726408.12,4625335,0,4321596
DOM-SAL,Salcedo,600000,424000,108000,680000,1000000,1100000,800000,426870,1137281.22,1200000,350000,1000000,1000000,,,,,,,
DOM-SEI,,,1100000,1000000,1000000,1200000,1280000,380000,270000,485000,100000,180000,165428,350000,400000,500000,500000,750000,493125,0,250000
DOM-SLI,Santiago - Licey,5324144,5841036,5266436,5096523.67,5896089.89,6888061.78,5602682.06,6624658.03,8454945.33,8538773.87,7826394.28,6885414.8,4546693.8,9760616.35,6167959.6,7697014.1,8488603.96,9153904,0,11919603.94
DOM-SUN,,,,,,,,,,,,,,,,,,3000000,1500000,0,
DOM-SUR,,,,,,,,,,,,,,,,34883.7,61550.4,58550.38,65550,0,250000
DOM-TAL,,,,,,,,,,,,,,,,,146216,1050670.4,885653.4,0,1888567.75
DOM-TAM,Tamboril,220900,1105421,1712597,2820734.09,2960950,2493256.3,5051256.3,11281686,19152530.4,25009980.96,25743439.15,31327567.4,34757363.57,119387204.2,119205726.2,135653985.1,135588673.2,183333158,0,157767270.6
DOM-VEG,La Vega,45018217.52,35333650.95,33358579.75,28916103,25048742.11,36825806.62,67878688.21,58628083.13,29048057.92,31272807.25,41049789.56,40072679.2,41397804.18,43884802.95,44213754.4,49863556.7,48503969.15,51092612.8,0,63144684.31
DOM-VER,,,,,,,,,,,,,,,,,,,,,1085427
DOM-VIS,,,,,,268000,61659000,58000000,113481652,131602799.7,131602799.7,140000000,151000000,152692579.4,151900000,283200500,283200500,283200500,284250652,0,159779498
DOM-YAQ,,,,,,,,,,,,7861425.67,7876503.3,7478342,10877463.4,14000000,14800000,15053412,13598200,0,13785200
DOM-ZFE,Zonas Francas Especiales,89407341.28,115555165.5,103819228.7,122129320.8,153468289,246648419.8,338633896.3,356838732.8,476832894.9,614755059.9,612665215.3,645592057,734664960.1,,706226438.4,796046472.8,815912571.9,909724247,,887912897.7
DOM-ZOF,Zofinma (Mao),413004,593364,593364,593364,610000,610000,549000,,,,,,,,,,,,,